Prefix|Status|OriginAS|ROAAS|ROAPrefix|MaxLen
45.5.68.0/22|INVALID_WRONGASN|27843|265691|45.5.68.0/22|22
45.5.68.0/24|INVALID_WRONGASN|27843|265691|45.5.68.0/22|22
45.5.69.0/24|INVALID_WRONGASN|27843|265691|45.5.68.0/22|22
45.5.70.0/24|INVALID_WRONGASN|27843|265691|45.5.68.0/22|22
45.5.71.0/24|INVALID_WRONGASN|27843|265691|45.5.68.0/22|22
45.65.137.0/24|INVALID_MAXLEN|262186|262186|45.65.136.0/22|22
45.160.12.0/22|INVALID_WRONGASN|61503|266870|45.160.12.0/22|24
45.160.12.0/24|INVALID_WRONGASN|61503|266870|45.160.12.0/22|24
45.160.13.0/24|INVALID_WRONGASN|61503|266870|45.160.12.0/22|24
45.160.14.0/24|INVALID_WRONGASN|61503|266870|45.160.12.0/22|24
45.160.15.0/24|INVALID_WRONGASN|61503|266870|45.160.12.0/22|24
45.161.44.0/24|INVALID_MAXLEN|266902|266902|45.161.44.0/22|22
45.161.45.0/24|INVALID_MAXLEN|266902|266902|45.161.44.0/22|22
45.161.46.0/24|INVALID_MAXLEN|266902|266902|45.161.44.0/22|22
45.161.47.0/24|INVALID_MAXLEN|266902|266902|45.161.44.0/22|22
45.162.72.0/22|INVALID_WRONGASN|264668|266904|45.162.72.0/22|24
45.163.31.0/24|INVALID_WRONGASN|267683|3356|45.163.31.0/24|24
45.163.248.0/24|INVALID_MAXLEN|267707|267707|45.163.248.0/22|22
45.163.249.0/24|INVALID_MAXLEN|267707|267707|45.163.248.0/22|22
45.163.250.0/24|INVALID_MAXLEN|267707|267707|45.163.248.0/22|22
45.163.251.0/24|INVALID_MAXLEN|267707|267707|45.163.248.0/22|22
45.164.67.0/24|INVALID_WRONGASN|27738|267699|45.164.64.0/22|22
45.224.202.0/24|INVALID_WRONGASN|264686|266907|45.224.202.0/24|24
45.225.152.0/24|INVALID_MAXLEN|32034|32034|45.225.152.0/23|23
45.225.153.0/24|INVALID_WRONGASN|265515|32034|45.225.152.0/23|23
45.227.254.0/24|INVALID_WRONGASN|51852|395978|45.227.254.0/24|24
45.229.168.0/24|INVALID_MAXLEN|266694|266694|45.229.168.0/22|22
45.229.169.0/24|INVALID_MAXLEN|266694|266694|45.229.168.0/22|22
45.229.170.0/24|INVALID_MAXLEN|266694|266694|45.229.168.0/22|22
45.229.171.0/24|INVALID_MAXLEN|266694|266694|45.229.168.0/22|22
45.229.248.0/24|INVALID_MAXLEN|266707|266707|45.229.248.0/22|22
45.229.249.0/24|INVALID_MAXLEN|266707|266707|45.229.248.0/22|22
45.229.250.0/24|INVALID_MAXLEN|266707|266707|45.229.248.0/22|22
45.229.251.0/24|INVALID_MAXLEN|266707|266707|45.229.248.0/22|22
45.235.142.0/23|INVALID_WRONGASN|27947|27947|45.235.140.0/22|22
45.238.197.0/24|INVALID_MAXLEN|266848|266848|45.238.196.0/22|22
45.238.218.0/24|INVALID_WRONGASN|27947|27947|45.238.216.0/22|22
45.239.120.0/22|INVALID_WRONGASN|61503|266852|45.239.120.0/22|24
45.239.121.0/24|INVALID_WRONGASN|61503|266852|45.239.120.0/22|24
45.239.122.0/24|INVALID_WRONGASN|61503|266852|45.239.120.0/22|24
45.239.123.0/24|INVALID_WRONGASN|61503|266852|45.239.120.0/22|24
45.239.208.0/22|INVALID_WRONGASN|61503|266857|45.239.208.0/22|24
45.239.209.0/24|INVALID_WRONGASN|61503|266857|45.239.208.0/22|24
45.239.210.0/24|INVALID_WRONGASN|61503|266857|45.239.208.0/22|24
45.239.211.0/24|INVALID_WRONGASN|61503|266857|45.239.208.0/22|24
128.201.80.0/24|INVALID_MAXLEN|265741|265741|128.201.80.0/22|22
128.201.81.0/24|INVALID_MAXLEN|265741|265741|128.201.80.0/22|22
128.201.82.0/24|INVALID_MAXLEN|265741|265741|128.201.80.0/22|22
128.201.83.0/24|INVALID_MAXLEN|265741|265741|128.201.80.0/22|22
131.108.170.0/24|INVALID_MAXLEN|10299|10299|131.108.168.0/22|22
131.108.171.0/24|INVALID_MAXLEN|10299|10299|131.108.168.0/22|22
138.0.158.0/24|INVALID_WRONGASN|52236|7303|138.0.156.0/22|22
138.59.134.0/24|INVALID_WRONGASN|54044|28110|138.59.132.0/22|24
138.59.176.0/24|INVALID_MAXLEN|263686|263686|138.59.176.0/22|22
138.59.177.0/24|INVALID_MAXLEN|263686|263686|138.59.176.0/22|22
138.59.178.0/24|INVALID_MAXLEN|263686|263686|138.59.176.0/22|22
138.59.179.0/24|INVALID_MAXLEN|263686|263686|138.59.176.0/22|22
138.94.244.0/24|INVALID_MAXLEN|16906|16906|138.94.244.0/22|22
138.94.245.0/24|INVALID_MAXLEN|16906|16906|138.94.244.0/22|22
138.94.246.0/24|INVALID_MAXLEN|16906|16906|138.94.244.0/22|22
138.94.247.0/24|INVALID_WRONGASN|265840|16906|138.94.244.0/22|22
138.118.144.0/24|INVALID_WRONGASN|266749|263770|138.118.144.0/22|24
138.118.145.0/24|INVALID_WRONGASN|266749|263770|138.118.144.0/22|24
138.118.146.0/24|INVALID_WRONGASN|266749|263770|138.118.144.0/22|24
138.118.147.0/24|INVALID_WRONGASN|266749|263770|138.118.144.0/22|24
138.121.240.0/23|INVALID_MAXLEN|7303|7303|138.121.240.0/22|22
138.121.242.0/24|INVALID_MAXLEN|7303|7303|138.121.240.0/22|22
138.122.200.0/23|INVALID_MAXLEN|10299|10299|138.122.200.0/22|22
138.122.200.0/24|INVALID_WRONGASN|266747|10299|138.122.200.0/22|22
138.122.201.0/24|INVALID_MAXLEN|10299|10299|138.122.200.0/22|22
138.122.202.0/24|INVALID_MAXLEN|10299|10299|138.122.200.0/22|22
138.122.203.0/24|INVALID_MAXLEN|10299|10299|138.122.200.0/22|22
138.122.228.0/24|INVALID_MAXLEN|27955|27955|138.122.228.0/22|22
138.122.229.0/24|INVALID_MAXLEN|27955|27955|138.122.228.0/22|22
138.122.230.0/24|INVALID_MAXLEN|27955|27955|138.122.228.0/22|22
138.122.231.0/24|INVALID_MAXLEN|27955|27955|138.122.228.0/22|22
138.255.89.0/24|INVALID_WRONGASN|49835|264607|138.255.88.0/22|27
150.186.96.0/19|INVALID_MAXLEN|27686|27807|150.186.0.0/15|16
150.187.40.0/24|INVALID_WRONGASN|20312|27807|150.186.0.0/15|16
152.207.108.0/22|INVALID_MAXLEN|27725|27725|152.206.0.0/15|17
152.207.112.0/22|INVALID_MAXLEN|27725|27725|152.206.0.0/15|17
152.207.240.0/22|INVALID_MAXLEN|27725|27725|152.206.0.0/15|17
152.207.244.0/22|INVALID_MAXLEN|27725|27725|152.206.0.0/15|17
152.231.27.0/24|INVALID_WRONGASN|19429|266877|152.231.24.0/21|21
161.22.36.0/24|INVALID_WRONGASN|9009|12679|161.22.36.0/24|24
164.163.80.0/24|INVALID_MAXLEN|265769|265769|164.163.80.0/22|22
164.163.81.0/24|INVALID_MAXLEN|265769|265769|164.163.80.0/22|22
164.163.82.0/24|INVALID_MAXLEN|265769|265769|164.163.80.0/22|22
164.163.83.0/24|INVALID_MAXLEN|265769|265769|164.163.80.0/22|22
167.250.50.0/24|INVALID_MAXLEN|263767|263767|167.250.48.0/22|22
167.250.120.0/23|INVALID_MAXLEN|262220|262220|167.250.120.0/22|22
167.250.122.0/23|INVALID_MAXLEN|262220|262220|167.250.120.0/22|22
168.90.160.0/24|INVALID_MAXLEN|27955|27955|168.90.160.0/22|22
168.90.161.0/24|INVALID_MAXLEN|27955|27955|168.90.160.0/22|22
168.90.162.0/24|INVALID_MAXLEN|27955|27955|168.90.160.0/22|22
168.90.163.0/24|INVALID_MAXLEN|27955|27955|168.90.160.0/22|22
168.195.216.0/24|INVALID_WRONGASN|27775|263799|168.195.216.0/22|22
168.195.217.0/24|INVALID_WRONGASN|27775|263799|168.195.216.0/22|22
168.195.218.0/24|INVALID_WRONGASN|27775|263799|168.195.216.0/22|22
168.195.219.0/24|INVALID_WRONGASN|27775|263799|168.195.216.0/22|22
168.196.140.0/24|INVALID_MAXLEN|264768|264768|168.196.140.0/22|22
168.196.141.0/24|INVALID_MAXLEN|264768|264768|168.196.140.0/22|22
168.196.142.0/24|INVALID_MAXLEN|264768|264768|168.196.140.0/22|22
168.196.143.0/24|INVALID_MAXLEN|264768|264768|168.196.140.0/22|22
168.197.188.0/24|INVALID_WRONGASN|266688|264788|168.197.188.0/22|24
168.197.240.0/24|INVALID_MAXLEN|264789|264789|168.197.240.0/22|22
168.197.241.0/24|INVALID_MAXLEN|264789|264789|168.197.240.0/22|22
168.197.242.0/24|INVALID_MAXLEN|264789|264789|168.197.240.0/22|22
168.197.243.0/24|INVALID_MAXLEN|264789|264789|168.197.240.0/22|22
168.227.1.0/24|INVALID_MAXLEN|10299|10299|168.227.0.0/22|22
168.227.2.0/24|INVALID_MAXLEN|10299|10299|168.227.0.0/22|22
168.227.3.0/24|INVALID_MAXLEN|10299|10299|168.227.0.0/22|22
170.78.108.0/24|INVALID_MAXLEN|27955|27955|170.78.108.0/22|22
170.78.109.0/24|INVALID_MAXLEN|27955|27955|170.78.108.0/22|22
170.78.110.0/24|INVALID_MAXLEN|27955|27955|170.78.108.0/22|22
170.78.111.0/24|INVALID_MAXLEN|27955|27955|170.78.108.0/22|22
170.80.228.0/24|INVALID_MAXLEN|264830|264830|170.80.228.0/22|22
170.80.229.0/24|INVALID_MAXLEN|264830|264830|170.80.228.0/22|22
170.80.230.0/24|INVALID_MAXLEN|264830|264830|170.80.228.0/22|22
170.80.231.0/24|INVALID_MAXLEN|264830|264830|170.80.228.0/22|22
170.81.24.0/24|INVALID_MAXLEN|10299|10299|170.81.24.0/22|22
170.81.25.0/24|INVALID_MAXLEN|10299|10299|170.81.24.0/22|22
170.81.26.0/24|INVALID_MAXLEN|10299|10299|170.81.24.0/22|22
170.81.27.0/24|INVALID_MAXLEN|10299|10299|170.81.24.0/22|22
170.82.188.0/23|INVALID_MAXLEN|27901|27901|170.82.188.0/22|22
170.82.190.0/23|INVALID_MAXLEN|27901|27901|170.82.188.0/22|22
170.83.52.0/23|INVALID_MAXLEN|264849|264849|170.83.52.0/22|22
170.83.52.0/24|INVALID_MAXLEN|264849|264849|170.83.52.0/22|22
170.83.53.0/24|INVALID_MAXLEN|264849|264849|170.83.52.0/22|22
170.83.54.0/23|INVALID_MAXLEN|264849|264849|170.83.52.0/22|22
170.83.54.0/24|INVALID_MAXLEN|264849|264849|170.83.52.0/22|22
170.83.55.0/24|INVALID_MAXLEN|264849|264849|170.83.52.0/22|22
170.150.156.0/23|INVALID_MAXLEN|27901|27901|170.150.156.0/22|22
170.150.156.0/24|INVALID_MAXLEN|27901|27901|170.150.156.0/22|22
170.150.157.0/24|INVALID_MAXLEN|27901|27901|170.150.156.0/22|22
170.150.158.0/23|INVALID_MAXLEN|27901|27901|170.150.156.0/22|22
170.247.56.0/24|INVALID_MAXLEN|265646|265646|170.247.56.0/22|22
170.247.57.0/24|INVALID_MAXLEN|265646|265646|170.247.56.0/22|22
170.247.58.0/24|INVALID_MAXLEN|265646|265646|170.247.56.0/22|22
170.247.59.0/24|INVALID_MAXLEN|265646|265646|170.247.56.0/22|22
170.247.173.0/24|INVALID_WRONGASN|32098|28539|170.247.172.0/22|24
179.3.0.0/21|INVALID_MAXLEN|27995|27995|179.2.0.0/15|15
179.3.8.0/21|INVALID_MAXLEN|27995|27995|179.2.0.0/15|15
179.3.16.0/21|INVALID_MAXLEN|27995|27995|179.2.0.0/15|15
179.3.48.0/20|INVALID_MAXLEN|27995|27995|179.2.0.0/15|15
179.3.64.0/21|INVALID_MAXLEN|27995|27995|179.2.0.0/15|15
179.3.72.0/21|INVALID_MAXLEN|27995|27995|179.2.0.0/15|15
179.3.80.0/21|INVALID_MAXLEN|27995|27995|179.2.0.0/15|15
179.3.88.0/21|INVALID_MAXLEN|27995|27995|179.2.0.0/15|15
179.3.96.0/20|INVALID_MAXLEN|27995|27995|179.2.0.0/15|15
179.3.112.0/20|INVALID_MAXLEN|27995|27995|179.2.0.0/15|15
179.49.96.0/24|INVALID_MAXLEN|27955|27955|179.49.96.0/20|22
179.49.97.0/24|INVALID_MAXLEN|27955|27955|179.49.96.0/20|22
179.49.98.0/24|INVALID_MAXLEN|27955|27955|179.49.96.0/20|22
179.49.99.0/24|INVALID_MAXLEN|27955|27955|179.49.96.0/20|22
179.49.100.0/24|INVALID_MAXLEN|27955|27955|179.49.96.0/20|22
179.49.101.0/24|INVALID_MAXLEN|27955|27955|179.49.96.0/20|22
179.49.102.0/24|INVALID_MAXLEN|27955|27955|179.49.96.0/20|22
179.49.103.0/24|INVALID_MAXLEN|27955|27955|179.49.96.0/20|22
179.49.104.0/24|INVALID_MAXLEN|27955|27955|179.49.96.0/20|22
179.49.105.0/24|INVALID_MAXLEN|27955|27955|179.49.96.0/20|22
179.49.106.0/24|INVALID_MAXLEN|27955|27955|179.49.96.0/20|22
179.49.107.0/24|INVALID_MAXLEN|27955|27955|179.49.96.0/20|22
179.49.108.0/24|INVALID_MAXLEN|27955|27955|179.49.96.0/20|22
179.49.109.0/24|INVALID_MAXLEN|27955|27955|179.49.96.0/20|22
179.49.110.0/24|INVALID_MAXLEN|27955|27955|179.49.96.0/20|22
179.49.111.0/24|INVALID_MAXLEN|27955|27955|179.49.96.0/20|22
179.51.113.0/24|INVALID_WRONGASN|262220|263210|179.51.96.0/19|24
179.51.117.0/24|INVALID_WRONGASN|{262220,263210}|263210|179.51.96.0/19|24
179.60.96.0/22|INVALID_MAXLEN|27960|27960|179.60.96.0/20|21
179.60.100.0/22|INVALID_MAXLEN|27960|27960|179.60.96.0/20|21
179.60.104.0/22|INVALID_MAXLEN|27960|27960|179.60.96.0/20|21
179.60.108.0/22|INVALID_MAXLEN|27960|27960|179.60.96.0/20|21
179.61.97.0/24|INVALID_WRONGASN|6471|264780|179.61.96.0/20|20
179.61.98.0/24|INVALID_MAXLEN|264780|264780|179.61.96.0/20|20
179.61.99.0/24|INVALID_MAXLEN|264780|264780|179.61.96.0/20|20
179.61.100.0/24|INVALID_WRONGASN|6471|264780|179.61.96.0/20|20
179.61.101.0/24|INVALID_WRONGASN|6471|264780|179.61.96.0/20|20
179.61.102.0/24|INVALID_MAXLEN|264780|264780|179.61.96.0/20|20
179.61.107.0/24|INVALID_MAXLEN|264780|264780|179.61.96.0/20|20
179.61.108.0/22|INVALID_MAXLEN|264780|264780|179.61.96.0/20|20
179.61.108.0/24|INVALID_MAXLEN|264780|264780|179.61.96.0/20|20
179.61.109.0/24|INVALID_MAXLEN|264780|264780|179.61.96.0/20|20
179.61.110.0/24|INVALID_MAXLEN|264780|264780|179.61.96.0/20|20
179.61.111.0/24|INVALID_MAXLEN|264780|264780|179.61.96.0/20|20
179.62.113.0/24|INVALID_WRONGASN|27827|27983|179.62.0.0/16|24
181.10.140.0/24|INVALID_WRONGASN|52444|7303|181.0.0.0/12|32
181.10.141.0/24|INVALID_WRONGASN|52444|7303|181.0.0.0/12|32
181.10.142.0/24|INVALID_WRONGASN|52444|7303|181.0.0.0/12|32
181.10.180.0/24|INVALID_WRONGASN|27875|7303|181.0.0.0/12|32
181.10.184.0/24|INVALID_WRONGASN|61501|7303|181.0.0.0/12|32
181.10.185.0/24|INVALID_WRONGASN|61501|7303|181.0.0.0/12|32
181.10.186.0/24|INVALID_WRONGASN|61501|7303|181.0.0.0/12|32
181.10.236.0/24|INVALID_WRONGASN|52436|7303|181.0.0.0/12|32
181.10.237.0/24|INVALID_WRONGASN|52436|7303|181.0.0.0/12|32
181.13.50.0/24|INVALID_WRONGASN|264808|7303|181.0.0.0/12|32
181.13.51.0/24|INVALID_WRONGASN|264808|7303|181.0.0.0/12|32
181.13.56.0/23|INVALID_WRONGASN|52436|7303|181.0.0.0/12|32
181.13.56.0/24|INVALID_WRONGASN|52436|7303|181.0.0.0/12|32
181.13.151.0/24|INVALID_WRONGASN|264767|7303|181.0.0.0/12|32
181.13.153.0/24|INVALID_WRONGASN|264767|7303|181.0.0.0/12|32
181.13.185.0/24|INVALID_WRONGASN|264767|7303|181.0.0.0/12|32
181.13.186.0/24|INVALID_WRONGASN|264767|7303|181.0.0.0/12|32
181.13.239.0/24|INVALID_WRONGASN|264767|7303|181.0.0.0/12|32
181.15.97.0/24|INVALID_WRONGASN|52444|7303|181.0.0.0/12|32
181.15.98.0/24|INVALID_WRONGASN|52444|7303|181.0.0.0/12|32
181.15.99.0/24|INVALID_WRONGASN|52444|7303|181.0.0.0/12|32
181.15.100.0/24|INVALID_WRONGASN|52444|7303|181.0.0.0/12|32
181.15.195.0/24|INVALID_WRONGASN|52444|7303|181.0.0.0/12|32
181.41.222.0/23|INVALID_WRONGASN|37692|61317|181.41.192.0/19|24
181.80.10.0/24|INVALID_WRONGASN|264791|7303|181.80.0.0/12|32
181.94.192.0/22|INVALID_WRONGASN|265630|7303|181.80.0.0/12|32
181.174.156.0/24|INVALID_MAXLEN|52308|52308|181.174.128.0/19|19
181.174.158.0/24|INVALID_MAXLEN|52308|52308|181.174.128.0/19|19
181.189.226.0/24|INVALID_WRONGASN|264812|27696|181.189.224.0/19|24
181.189.232.0/24|INVALID_WRONGASN|65027|27696|181.189.224.0/19|24
181.193.150.0/23|INVALID_WRONGASN|264609|11830|181.193.0.0/16|24
181.214.225.0/24|INVALID_WRONGASN|37692|61317|181.214.0.0/15|24
181.225.80.0/21|INVALID_WRONGASN|10753|3549|181.225.80.0/21|21
186.1.248.0/24|INVALID_WRONGASN|18678|3549|186.1.248.0/23|24
186.1.249.0/24|INVALID_WRONGASN|18678|3549|186.1.248.0/23|24
186.27.128.0/20|INVALID_MAXLEN|10299|10299|186.27.128.0/17|17
186.27.144.0/20|INVALID_MAXLEN|10299|10299|186.27.128.0/17|17
186.27.160.0/20|INVALID_MAXLEN|10299|10299|186.27.128.0/17|17
186.27.176.0/20|INVALID_MAXLEN|10299|10299|186.27.128.0/17|17
186.27.192.0/20|INVALID_MAXLEN|10299|10299|186.27.128.0/17|17
186.27.208.0/20|INVALID_MAXLEN|10299|10299|186.27.128.0/17|17
186.27.224.0/20|INVALID_MAXLEN|10299|10299|186.27.128.0/17|17
186.27.240.0/20|INVALID_MAXLEN|10299|10299|186.27.128.0/17|17
186.27.240.0/22|INVALID_MAXLEN|10299|10299|186.27.128.0/17|17
186.27.244.0/22|INVALID_MAXLEN|10299|10299|186.27.128.0/17|17
186.27.248.0/24|INVALID_MAXLEN|10299|10299|186.27.128.0/17|17
186.27.249.0/24|INVALID_MAXLEN|10299|10299|186.27.128.0/17|17
186.27.250.0/24|INVALID_MAXLEN|10299|10299|186.27.128.0/17|17
186.27.251.0/24|INVALID_MAXLEN|10299|10299|186.27.128.0/17|17
186.27.252.0/23|INVALID_MAXLEN|10299|10299|186.27.128.0/17|17
186.27.254.0/23|INVALID_MAXLEN|10299|10299|186.27.128.0/17|17
186.28.232.0/24|INVALID_WRONGASN|263710|19429|186.28.0.0/16|24
186.33.204.0/24|INVALID_WRONGASN|265705|52361|186.33.192.0/18|19
186.65.88.0/24|INVALID_WRONGASN|10269|262239|186.65.88.0/22|24
186.65.90.0/24|INVALID_WRONGASN|10269|262239|186.65.88.0/22|24
186.86.198.0/24|INVALID_WRONGASN|14080|10620|186.86.0.0/16|24
186.86.255.0/24|INVALID_WRONGASN|14080|10620|186.86.0.0/16|24
186.113.12.0/24|INVALID_MAXLEN|27817|3816|186.112.0.0/14|29
186.120.0.0/22|INVALID_WRONGASN|28118|12066|186.120.0.0/17|24
186.120.4.0/23|INVALID_WRONGASN|28118|12066|186.120.0.0/17|24
186.120.7.0/24|INVALID_WRONGASN|28118|12066|186.120.0.0/17|24
186.120.8.0/24|INVALID_WRONGASN|28118|12066|186.120.0.0/17|24
186.120.9.0/24|INVALID_WRONGASN|28118|12066|186.120.0.0/17|24
186.120.10.0/23|INVALID_WRONGASN|28118|12066|186.120.0.0/17|24
186.120.12.0/23|INVALID_WRONGASN|28118|12066|186.120.0.0/17|24
186.120.16.0/22|INVALID_WRONGASN|28118|12066|186.120.0.0/17|24
186.120.26.0/23|INVALID_WRONGASN|28118|12066|186.120.0.0/17|24
186.120.28.0/22|INVALID_WRONGASN|28118|12066|186.120.0.0/17|24
186.120.37.0/24|INVALID_WRONGASN|28118|12066|186.120.0.0/17|24
186.120.40.0/23|INVALID_WRONGASN|28118|12066|186.120.0.0/17|24
186.120.54.0/23|INVALID_WRONGASN|28118|12066|186.120.0.0/17|24
186.120.62.0/23|INVALID_WRONGASN|28118|12066|186.120.0.0/17|24
186.120.77.0/24|INVALID_WRONGASN|28118|12066|186.120.0.0/17|24
186.120.80.0/22|INVALID_WRONGASN|28118|12066|186.120.0.0/17|24
186.120.88.0/21|INVALID_WRONGASN|28118|12066|186.120.0.0/17|24
186.120.100.0/24|INVALID_WRONGASN|28118|12066|186.120.0.0/17|24
186.120.102.0/23|INVALID_WRONGASN|28118|12066|186.120.0.0/17|24
186.120.106.0/23|INVALID_WRONGASN|28118|12066|186.120.0.0/17|24
186.120.111.0/24|INVALID_WRONGASN|28118|12066|186.120.0.0/17|24
186.120.120.0/22|INVALID_WRONGASN|28118|12066|186.120.0.0/17|24
186.120.132.0/22|INVALID_WRONGASN|28118|12066|186.120.128.0/17|24
186.120.140.0/22|INVALID_WRONGASN|28118|12066|186.120.128.0/17|24
186.120.168.0/23|INVALID_WRONGASN|28118|12066|186.120.128.0/17|24
186.120.177.0/24|INVALID_WRONGASN|28118|12066|186.120.128.0/17|24
186.120.182.0/24|INVALID_WRONGASN|28118|12066|186.120.128.0/17|24
186.120.204.0/24|INVALID_WRONGASN|28118|12066|186.120.128.0/17|24
186.120.210.0/24|INVALID_WRONGASN|28118|12066|186.120.128.0/17|24
186.120.211.0/24|INVALID_WRONGASN|28118|12066|186.120.128.0/17|24
186.120.212.0/22|INVALID_WRONGASN|28118|12066|186.120.128.0/17|24
186.120.222.0/23|INVALID_WRONGASN|28118|12066|186.120.128.0/17|24
186.120.224.0/22|INVALID_WRONGASN|28118|12066|186.120.128.0/17|24
186.120.240.0/22|INVALID_WRONGASN|28118|12066|186.120.128.0/17|24
186.120.250.0/23|INVALID_WRONGASN|28118|12066|186.120.128.0/17|24
186.120.252.0/22|INVALID_WRONGASN|28118|12066|186.120.128.0/17|24
186.125.62.0/24|INVALID_WRONGASN|52444|7303|186.124.0.0/15|32
186.125.63.0/24|INVALID_WRONGASN|52444|7303|186.124.0.0/15|32
186.125.160.0/24|INVALID_WRONGASN|264767|7303|186.124.0.0/15|32
186.125.161.0/24|INVALID_WRONGASN|52444|7303|186.124.0.0/15|32
186.125.199.0/24|INVALID_WRONGASN|264642|7303|186.124.0.0/15|32
186.125.200.0/24|INVALID_WRONGASN|264642|7303|186.124.0.0/15|32
186.125.201.0/24|INVALID_WRONGASN|264642|7303|186.124.0.0/15|32
186.125.246.0/24|INVALID_WRONGASN|264742|7303|186.124.0.0/15|32
186.144.32.0/22|INVALID_WRONGASN|14080|10620|186.144.0.0/16|24
186.148.88.0/24|INVALID_WRONGASN|23520|52471|186.148.88.0/21|24
186.148.90.0/23|INVALID_WRONGASN|23520|52471|186.148.88.0/21|24
186.149.0.0/16|INVALID_WRONGASN|28118|12066|186.149.0.0/16|24
186.149.26.0/24|INVALID_WRONGASN|28118|12066|186.149.0.0/16|24
186.149.27.0/24|INVALID_WRONGASN|28118|12066|186.149.0.0/16|24
186.149.29.0/24|INVALID_WRONGASN|28118|12066|186.149.0.0/16|24
186.149.30.0/24|INVALID_WRONGASN|28118|12066|186.149.0.0/16|24
186.149.40.0/24|INVALID_WRONGASN|28118|12066|186.149.0.0/16|24
186.149.56.0/23|INVALID_WRONGASN|28118|12066|186.149.0.0/16|24
186.149.62.0/23|INVALID_WRONGASN|28118|12066|186.149.0.0/16|24
186.149.68.0/22|INVALID_WRONGASN|28118|12066|186.149.0.0/16|24
186.149.80.0/22|INVALID_WRONGASN|28118|12066|186.149.0.0/16|24
186.149.109.0/24|INVALID_WRONGASN|28118|12066|186.149.0.0/16|24
186.149.110.0/24|INVALID_WRONGASN|28118|12066|186.149.0.0/16|24
186.149.112.0/23|INVALID_WRONGASN|28118|12066|186.149.0.0/16|24
186.149.116.0/22|INVALID_WRONGASN|28118|12066|186.149.0.0/16|24
186.149.120.0/22|INVALID_WRONGASN|28118|12066|186.149.0.0/16|24
186.149.124.0/23|INVALID_WRONGASN|28118|12066|186.149.0.0/16|24
186.149.128.0/22|INVALID_WRONGASN|28118|12066|186.149.0.0/16|24
186.149.140.0/22|INVALID_WRONGASN|28118|12066|186.149.0.0/16|24
186.149.144.0/23|INVALID_WRONGASN|28118|12066|186.149.0.0/16|24
186.149.156.0/22|INVALID_WRONGASN|28118|12066|186.149.0.0/16|24
186.149.160.0/24|INVALID_WRONGASN|28118|12066|186.149.0.0/16|24
186.149.161.0/24|INVALID_WRONGASN|28118|12066|186.149.0.0/16|24
186.149.162.0/24|INVALID_WRONGASN|28118|12066|186.149.0.0/16|24
186.149.164.0/23|INVALID_WRONGASN|28118|12066|186.149.0.0/16|24
186.149.172.0/23|INVALID_WRONGASN|28118|12066|186.149.0.0/16|24
186.149.180.0/22|INVALID_WRONGASN|28118|12066|186.149.0.0/16|24
186.149.187.0/24|INVALID_WRONGASN|28118|12066|186.149.0.0/16|24
186.149.196.0/24|INVALID_WRONGASN|28118|12066|186.149.0.0/16|24
186.149.205.0/24|INVALID_WRONGASN|28118|12066|186.149.0.0/16|24
186.149.207.0/24|INVALID_WRONGASN|28118|12066|186.149.0.0/16|24
186.149.208.0/24|INVALID_WRONGASN|28118|12066|186.149.0.0/16|24
186.149.232.0/21|INVALID_WRONGASN|28118|12066|186.149.0.0/16|24
186.149.242.0/24|INVALID_WRONGASN|28118|12066|186.149.0.0/16|24
186.149.248.0/24|INVALID_WRONGASN|28118|12066|186.149.0.0/16|24
186.149.249.0/24|INVALID_WRONGASN|28118|12066|186.149.0.0/16|24
186.150.0.0/16|INVALID_WRONGASN|28118|12066|186.150.0.0/16|24
186.150.0.0/21|INVALID_WRONGASN|28118|12066|186.150.0.0/16|24
186.150.8.0/21|INVALID_WRONGASN|28118|12066|186.150.0.0/16|24
186.150.16.0/22|INVALID_WRONGASN|28118|12066|186.150.0.0/16|24
186.150.20.0/22|INVALID_WRONGASN|28118|12066|186.150.0.0/16|24
186.150.32.0/22|INVALID_WRONGASN|28118|12066|186.150.0.0/16|24
186.150.44.0/23|INVALID_WRONGASN|28118|12066|186.150.0.0/16|24
186.150.52.0/23|INVALID_WRONGASN|28118|12066|186.150.0.0/16|24
186.150.54.0/23|INVALID_WRONGASN|28118|12066|186.150.0.0/16|24
186.150.57.0/24|INVALID_WRONGASN|28118|12066|186.150.0.0/16|24
186.150.59.0/24|INVALID_WRONGASN|28118|12066|186.150.0.0/16|24
186.150.60.0/22|INVALID_WRONGASN|28118|12066|186.150.0.0/16|24
186.150.64.0/22|INVALID_WRONGASN|28118|12066|186.150.0.0/16|24
186.150.72.0/24|INVALID_WRONGASN|28118|12066|186.150.0.0/16|24
186.150.80.0/24|INVALID_WRONGASN|28118|12066|186.150.0.0/16|24
186.150.84.0/23|INVALID_WRONGASN|28118|12066|186.150.0.0/16|24
186.150.87.0/24|INVALID_WRONGASN|28118|12066|186.150.0.0/16|24
186.150.90.0/24|INVALID_WRONGASN|28118|12066|186.150.0.0/16|24
186.150.113.0/24|INVALID_WRONGASN|28118|12066|186.150.0.0/16|24
186.150.146.0/23|INVALID_WRONGASN|28118|12066|186.150.0.0/16|24
186.150.150.0/23|INVALID_WRONGASN|28118|12066|186.150.0.0/16|24
186.150.156.0/22|INVALID_WRONGASN|28118|12066|186.150.0.0/16|24
186.150.172.0/23|INVALID_WRONGASN|28118|12066|186.150.0.0/16|24
186.150.192.0/23|INVALID_WRONGASN|28118|12066|186.150.0.0/16|24
186.150.194.0/23|INVALID_WRONGASN|28118|12066|186.150.0.0/16|24
186.150.201.0/24|INVALID_WRONGASN|28118|12066|186.150.0.0/16|24
186.150.202.0/24|INVALID_WRONGASN|28118|12066|186.150.0.0/16|24
186.150.208.0/24|INVALID_WRONGASN|28118|12066|186.150.0.0/16|24
186.150.216.0/21|INVALID_WRONGASN|28118|12066|186.150.0.0/16|24
186.150.226.0/24|INVALID_WRONGASN|28118|12066|186.150.0.0/16|24
186.150.232.0/21|INVALID_WRONGASN|28118|12066|186.150.0.0/16|24
186.153.126.0/24|INVALID_WRONGASN|52444|7303|186.152.0.0/15|32
186.153.127.0/24|INVALID_WRONGASN|52444|7303|186.152.0.0/15|32
186.153.128.0/22|INVALID_WRONGASN|264715|7303|186.152.0.0/15|32
186.153.129.0/24|INVALID_WRONGASN|264715|7303|186.152.0.0/15|32
186.153.130.0/24|INVALID_WRONGASN|264715|7303|186.152.0.0/15|32
186.153.131.0/24|INVALID_WRONGASN|264715|7303|186.152.0.0/15|32
186.154.232.0/24|INVALID_WRONGASN|32034|19429|186.154.0.0/16|24
186.154.238.0/24|INVALID_WRONGASN|262220|19429|186.154.0.0/16|24
186.155.248.0/24|INVALID_WRONGASN|32034|19429|186.155.0.0/16|24
186.155.249.0/24|INVALID_WRONGASN|32034|19429|186.155.0.0/16|24
186.159.96.0/24|INVALID_MAXLEN|27745|27745|186.159.96.0/20|20
186.159.100.0/24|INVALID_WRONGASN|11816|27745|186.159.96.0/20|20
186.159.103.0/24|INVALID_MAXLEN|27745|27745|186.159.96.0/20|20
186.159.106.0/24|INVALID_MAXLEN|27745|27745|186.159.96.0/20|20
186.159.107.0/24|INVALID_MAXLEN|27745|27745|186.159.96.0/20|20
186.159.113.0/24|INVALID_WRONGASN|18678|262215|186.159.112.0/22|24
190.0.228.0/24|INVALID_WRONGASN|203335|263713|190.0.224.0/21|24
190.1.192.0/20|INVALID_MAXLEN|10299|10299|190.1.192.0/19|19
190.1.192.0/23|INVALID_MAXLEN|10299|10299|190.1.192.0/19|19
190.1.194.0/23|INVALID_MAXLEN|10299|10299|190.1.192.0/19|19
190.1.196.0/23|INVALID_MAXLEN|10299|10299|190.1.192.0/19|19
190.1.198.0/24|INVALID_MAXLEN|10299|10299|190.1.192.0/19|19
190.1.204.0/22|INVALID_MAXLEN|10299|10299|190.1.192.0/19|19
190.1.208.0/20|INVALID_MAXLEN|10299|10299|190.1.192.0/19|19
190.1.224.0/20|INVALID_MAXLEN|10299|10299|190.1.224.0/19|19
190.1.240.0/21|INVALID_MAXLEN|10299|10299|190.1.224.0/19|19
190.1.248.0/22|INVALID_MAXLEN|10299|10299|190.1.224.0/19|19
190.1.252.0/23|INVALID_MAXLEN|10299|10299|190.1.224.0/19|19
190.1.254.0/24|INVALID_MAXLEN|10299|10299|190.1.224.0/19|19
190.1.255.0/24|INVALID_MAXLEN|10299|10299|190.1.224.0/19|19
190.4.79.0/24|INVALID_MAXLEN|27745|27745|190.4.64.0/20|20
190.5.68.0/24|INVALID_WRONGASN|263239|27696|190.5.64.0/19|24
190.6.128.0/20|INVALID_WRONGASN|28118|12066|190.6.128.0/20|24
190.6.128.0/24|INVALID_WRONGASN|28118|12066|190.6.128.0/20|24
190.6.136.0/24|INVALID_WRONGASN|28118|12066|190.6.128.0/20|24
190.6.144.0/20|INVALID_WRONGASN|28118|12066|190.6.144.0/20|24
190.6.146.0/23|INVALID_WRONGASN|28118|12066|190.6.144.0/20|24
190.6.148.0/24|INVALID_WRONGASN|28118|12066|190.6.144.0/20|24
190.6.240.0/24|INVALID_MAXLEN|27955|27955|190.6.240.0/20|21
190.6.241.0/24|INVALID_MAXLEN|27955|27955|190.6.240.0/20|21
190.6.242.0/24|INVALID_MAXLEN|27955|27955|190.6.240.0/20|21
190.6.243.0/24|INVALID_MAXLEN|27955|27955|190.6.240.0/20|21
190.6.244.0/24|INVALID_MAXLEN|27955|27955|190.6.240.0/20|21
190.6.245.0/24|INVALID_MAXLEN|27955|27955|190.6.240.0/20|21
190.6.246.0/24|INVALID_MAXLEN|27955|27955|190.6.240.0/20|21
190.6.247.0/24|INVALID_MAXLEN|27955|27955|190.6.240.0/20|21
190.6.248.0/24|INVALID_MAXLEN|27955|27955|190.6.240.0/20|21
190.6.249.0/24|INVALID_MAXLEN|27955|27955|190.6.240.0/20|21
190.6.250.0/24|INVALID_MAXLEN|27955|27955|190.6.240.0/20|21
190.6.251.0/24|INVALID_MAXLEN|27955|27955|190.6.240.0/20|21
190.6.252.0/24|INVALID_MAXLEN|27955|27955|190.6.240.0/20|21
190.6.253.0/24|INVALID_MAXLEN|27955|27955|190.6.240.0/20|21
190.6.254.0/24|INVALID_MAXLEN|27955|27955|190.6.240.0/20|21
190.6.255.0/24|INVALID_MAXLEN|27955|27955|190.6.240.0/20|21
190.7.112.0/20|INVALID_WRONGASN|{3549,13489,18678,27951,52280,262220}|262220|190.7.112.0/20|24
190.7.112.0/20|INVALID_WRONGASN|{13489,18678,27951,52280,262220}|262220|190.7.112.0/20|24
190.14.48.0/23|INVALID_MAXLEN|27659|27659|190.14.48.0/20|20
190.14.50.0/23|INVALID_MAXLEN|27659|27659|190.14.48.0/20|20
190.14.51.0/24|INVALID_MAXLEN|27659|27659|190.14.48.0/20|20
190.14.52.0/23|INVALID_MAXLEN|27659|27659|190.14.48.0/20|20
190.14.56.0/23|INVALID_MAXLEN|27659|27659|190.14.48.0/20|20
190.14.58.0/23|INVALID_MAXLEN|27659|27659|190.14.48.0/20|20
190.14.60.0/23|INVALID_MAXLEN|27659|27659|190.14.48.0/20|20
190.15.1.0/24|INVALID_MAXLEN|27817|3816|190.15.0.0/19|24
190.15.15.0/24|INVALID_MAXLEN|27817|3816|190.15.0.0/19|24
190.15.16.0/24|INVALID_MAXLEN|27817|3816|190.15.0.0/19|24
190.15.17.0/24|INVALID_MAXLEN|27817|3816|190.15.0.0/19|24
190.26.204.0/24|INVALID_WRONGASN|32034|19429|190.26.0.0/16|24
190.27.243.0/24|INVALID_WRONGASN|266862|19429|190.27.0.0/16|24
190.30.242.0/24|INVALID_WRONGASN|27813|7303|190.30.0.0/16|32
190.30.254.0/24|INVALID_WRONGASN|264642|7303|190.30.0.0/16|32
190.52.49.0/24|INVALID_MAXLEN|27882|27882|190.52.48.0/21|21
190.52.50.0/23|INVALID_MAXLEN|27882|27882|190.52.48.0/21|21
190.52.52.0/23|INVALID_MAXLEN|27882|27882|190.52.48.0/21|21
190.60.4.0/22|INVALID_MAXLEN|7087|18747|190.60.0.0/16|24
190.60.64.0/19|INVALID_MAXLEN|7087|18747|190.60.0.0/16|24
190.60.80.0/20|INVALID_MAXLEN|7087|18747|190.60.0.0/16|24
190.60.96.0/19|INVALID_MAXLEN|7087|18747|190.60.0.0/16|24
190.60.175.0/24|INVALID_WRONGASN|262216|18747|190.60.0.0/16|24
190.60.192.0/18|INVALID_MAXLEN|7087|18747|190.60.0.0/16|24
190.61.7.0/24|INVALID_WRONGASN|7087|18747|190.61.0.0/19|24
190.61.31.0/24|INVALID_WRONGASN|7087|18747|190.61.0.0/19|24
190.61.194.0/24|INVALID_WRONGASN|7087|18747|190.61.128.0/17|24
190.63.0.0/24|INVALID_WRONGASN|65001|23487|190.63.0.0/16|24
190.63.2.0/24|INVALID_WRONGASN|65001|23487|190.63.0.0/16|24
190.63.3.0/24|INVALID_WRONGASN|65001|23487|190.63.0.0/16|24
190.63.4.0/24|INVALID_WRONGASN|65001|23487|190.63.0.0/16|24
190.63.5.0/24|INVALID_WRONGASN|65001|23487|190.63.0.0/16|24
190.63.6.0/24|INVALID_WRONGASN|65001|23487|190.63.0.0/16|24
190.63.7.0/24|INVALID_WRONGASN|65001|23487|190.63.0.0/16|24
190.63.8.0/24|INVALID_WRONGASN|65001|23487|190.63.0.0/16|24
190.63.10.0/24|INVALID_WRONGASN|65001|23487|190.63.0.0/16|24
190.63.16.0/24|INVALID_WRONGASN|65001|23487|190.63.0.0/16|24
190.63.17.0/24|INVALID_WRONGASN|65001|23487|190.63.0.0/16|24
190.63.18.0/24|INVALID_WRONGASN|65001|23487|190.63.0.0/16|24
190.63.19.0/24|INVALID_WRONGASN|65001|23487|190.63.0.0/16|24
190.63.20.0/24|INVALID_WRONGASN|65001|23487|190.63.0.0/16|24
190.63.21.0/24|INVALID_WRONGASN|65001|23487|190.63.0.0/16|24
190.63.34.0/24|INVALID_WRONGASN|65001|23487|190.63.0.0/16|24
190.63.48.0/24|INVALID_WRONGASN|65001|23487|190.63.0.0/16|24
190.63.50.0/24|INVALID_WRONGASN|65001|23487|190.63.0.0/16|24
190.63.135.0/24|INVALID_WRONGASN|65001|23487|190.63.0.0/16|24
190.76.64.0/18|INVALID_MAXLEN|27889|8048|190.76.0.0/16|24
190.76.128.0/19|INVALID_MAXLEN|27889|8048|190.76.0.0/16|24
190.76.160.0/19|INVALID_MAXLEN|27889|8048|190.76.0.0/16|24
190.76.192.0/21|INVALID_MAXLEN|27889|8048|190.76.0.0/16|24
190.88.192.0/22|INVALID_MAXLEN|11081|11081|190.88.128.0/17|20
190.94.8.0/23|INVALID_WRONGASN|28118|12066|190.94.0.0/19|24
190.94.11.0/24|INVALID_WRONGASN|28118|12066|190.94.0.0/19|24
190.94.24.0/21|INVALID_WRONGASN|28118|12066|190.94.0.0/19|24
190.94.39.0/24|INVALID_WRONGASN|28118|12066|190.94.32.0/19|24
190.94.58.0/23|INVALID_WRONGASN|28118|12066|190.94.32.0/19|24
190.94.64.0/24|INVALID_WRONGASN|28118|12066|190.94.64.0/18|24
190.94.65.0/24|INVALID_WRONGASN|28118|12066|190.94.64.0/18|24
190.94.69.0/24|INVALID_WRONGASN|28118|12066|190.94.64.0/18|24
190.94.76.0/22|INVALID_WRONGASN|28118|12066|190.94.64.0/18|24
190.94.113.0/24|INVALID_WRONGASN|28118|12066|190.94.64.0/18|24
190.94.118.0/24|INVALID_WRONGASN|28118|12066|190.94.64.0/18|24
190.94.123.0/24|INVALID_WRONGASN|28118|12066|190.94.64.0/18|24
190.96.160.0/19|INVALID_WRONGASN|3816|22368|190.96.160.0/19|23
190.96.160.0/24|INVALID_WRONGASN|3816|22368|190.96.160.0/19|23
190.96.161.0/24|INVALID_MAXLEN|22368|22368|190.96.160.0/19|23
190.96.162.0/24|INVALID_WRONGASN|3816|22368|190.96.160.0/19|23
190.96.163.0/24|INVALID_WRONGASN|3816|22368|190.96.160.0/19|23
190.96.164.0/24|INVALID_WRONGASN|3816|22368|190.96.160.0/19|23
190.96.166.0/24|INVALID_WRONGASN|3816|22368|190.96.160.0/19|23
190.96.167.0/24|INVALID_WRONGASN|3816|22368|190.96.160.0/19|23
190.96.171.0/24|INVALID_WRONGASN|3816|22368|190.96.160.0/19|23
190.96.173.0/24|INVALID_WRONGASN|3816|22368|190.96.160.0/19|23
190.96.208.0/20|INVALID_WRONGASN|3816|22368|190.96.208.0/20|21
190.96.211.0/24|INVALID_WRONGASN|3816|22368|190.96.208.0/20|21
190.97.207.0/24|INVALID_MAXLEN|27845|27845|190.97.206.0/23|23
190.99.117.0/24|INVALID_WRONGASN|52468|52276|190.99.117.0/24|24
190.99.118.0/24|INVALID_WRONGASN|52468|52276|190.99.118.0/24|24
190.99.128.0/20|INVALID_MAXLEN|10299|10299|190.99.128.0/17|17
190.99.144.0/20|INVALID_MAXLEN|10299|10299|190.99.128.0/17|17
190.99.160.0/19|INVALID_MAXLEN|10299|10299|190.99.128.0/17|17
190.99.160.0/20|INVALID_MAXLEN|10299|10299|190.99.128.0/17|17
190.99.176.0/20|INVALID_MAXLEN|10299|10299|190.99.128.0/17|17
190.99.192.0/20|INVALID_MAXLEN|10299|10299|190.99.128.0/17|17
190.99.192.0/24|INVALID_MAXLEN|10299|10299|190.99.128.0/17|17
190.99.193.0/24|INVALID_MAXLEN|10299|10299|190.99.128.0/17|17
190.99.194.0/23|INVALID_MAXLEN|10299|10299|190.99.128.0/17|17
190.99.196.0/22|INVALID_MAXLEN|10299|10299|190.99.128.0/17|17
190.99.200.0/23|INVALID_MAXLEN|10299|10299|190.99.128.0/17|17
190.99.202.0/23|INVALID_MAXLEN|10299|10299|190.99.128.0/17|17
190.99.204.0/22|INVALID_MAXLEN|10299|10299|190.99.128.0/17|17
190.99.208.0/20|INVALID_MAXLEN|10299|10299|190.99.128.0/17|17
190.99.224.0/20|INVALID_MAXLEN|10299|10299|190.99.128.0/17|17
190.99.240.0/20|INVALID_MAXLEN|10299|10299|190.99.128.0/17|17
190.105.194.0/24|INVALID_WRONGASN|36351|52249|190.105.192.0/22|24
190.106.119.0/24|INVALID_WRONGASN|30542|262221|190.106.112.0/21|24
190.106.128.0/24|INVALID_WRONGASN|52236|7303|190.106.128.0/21|22
190.106.129.0/24|INVALID_WRONGASN|52236|7303|190.106.128.0/21|22
190.106.130.0/24|INVALID_WRONGASN|52236|7303|190.106.128.0/21|22
190.106.131.0/24|INVALID_WRONGASN|52236|7303|190.106.128.0/21|22
190.106.132.0/24|INVALID_WRONGASN|52236|7303|190.106.128.0/21|22
190.106.133.0/24|INVALID_WRONGASN|52236|7303|190.106.128.0/21|22
190.106.134.0/24|INVALID_WRONGASN|52236|7303|190.106.128.0/21|22
190.106.144.0/24|INVALID_WRONGASN|52236|7303|190.106.144.0/22|22
190.106.145.0/24|INVALID_WRONGASN|52236|7303|190.106.144.0/22|22
190.106.146.0/24|INVALID_WRONGASN|52236|7303|190.106.144.0/22|22
190.106.147.0/24|INVALID_WRONGASN|52236|7303|190.106.144.0/22|22
190.107.29.0/24|INVALID_WRONGASN|65534|27951|190.107.16.0/20|24
190.107.216.0/24|INVALID_MAXLEN|52339|52339|190.107.216.0/21|21
190.107.217.0/24|INVALID_MAXLEN|52339|52339|190.107.216.0/21|21
190.107.218.0/24|INVALID_MAXLEN|52339|52339|190.107.216.0/21|21
190.107.219.0/24|INVALID_MAXLEN|52339|52339|190.107.216.0/21|21
190.107.220.0/24|INVALID_MAXLEN|52339|52339|190.107.216.0/21|21
190.107.221.0/24|INVALID_MAXLEN|52339|52339|190.107.216.0/21|21
190.107.222.0/24|INVALID_MAXLEN|52339|52339|190.107.216.0/21|21
190.107.223.0/24|INVALID_MAXLEN|52339|52339|190.107.216.0/21|21
190.108.224.0/24|INVALID_MAXLEN|27751|27751|190.108.224.0/20|22
190.108.225.0/24|INVALID_MAXLEN|27751|27751|190.108.224.0/20|22
190.108.226.0/24|INVALID_MAXLEN|27751|27751|190.108.224.0/20|22
190.108.227.0/24|INVALID_MAXLEN|27751|27751|190.108.224.0/20|22
190.108.228.0/24|INVALID_MAXLEN|27751|27751|190.108.224.0/20|22
190.108.229.0/24|INVALID_MAXLEN|27751|27751|190.108.224.0/20|22
190.108.230.0/24|INVALID_MAXLEN|27751|27751|190.108.224.0/20|22
190.108.231.0/24|INVALID_MAXLEN|27751|27751|190.108.224.0/20|22
190.108.232.0/24|INVALID_MAXLEN|27751|27751|190.108.224.0/20|22
190.108.233.0/24|INVALID_MAXLEN|27751|27751|190.108.224.0/20|22
190.108.234.0/24|INVALID_MAXLEN|27751|27751|190.108.224.0/20|22
190.108.235.0/24|INVALID_MAXLEN|27751|27751|190.108.224.0/20|22
190.108.236.0/24|INVALID_MAXLEN|27751|27751|190.108.224.0/20|22
190.108.237.0/24|INVALID_MAXLEN|27751|27751|190.108.224.0/20|22
190.108.238.0/24|INVALID_MAXLEN|27751|27751|190.108.224.0/20|22
190.108.239.0/24|INVALID_MAXLEN|27751|27751|190.108.224.0/20|22
190.108.240.0/24|INVALID_MAXLEN|27751|27751|190.108.240.0/20|22
190.108.241.0/24|INVALID_MAXLEN|27751|27751|190.108.240.0/20|22
190.108.242.0/24|INVALID_MAXLEN|27751|27751|190.108.240.0/20|22
190.108.243.0/24|INVALID_MAXLEN|27751|27751|190.108.240.0/20|22
190.108.244.0/24|INVALID_MAXLEN|27751|27751|190.108.240.0/20|22
190.108.245.0/24|INVALID_MAXLEN|27751|27751|190.108.240.0/20|22
190.108.246.0/24|INVALID_MAXLEN|27751|27751|190.108.240.0/20|22
190.108.247.0/24|INVALID_MAXLEN|27751|27751|190.108.240.0/20|22
190.108.248.0/24|INVALID_MAXLEN|27751|27751|190.108.240.0/20|22
190.108.249.0/24|INVALID_MAXLEN|27751|27751|190.108.240.0/20|22
190.108.250.0/24|INVALID_MAXLEN|27751|27751|190.108.240.0/20|22
190.108.251.0/24|INVALID_MAXLEN|27751|27751|190.108.240.0/20|22
190.108.252.0/24|INVALID_MAXLEN|27751|27751|190.108.240.0/20|22
190.108.253.0/24|INVALID_MAXLEN|27751|27751|190.108.240.0/20|22
190.108.254.0/24|INVALID_MAXLEN|27751|27751|190.108.240.0/20|22
190.108.255.0/24|INVALID_MAXLEN|27751|27751|190.108.240.0/20|22
190.109.193.0/24|INVALID_WRONGASN|23383|20299|190.109.193.0/24|24
190.111.78.0/24|INVALID_WRONGASN|65001|23487|190.111.64.0/19|24
190.111.79.0/24|INVALID_WRONGASN|65001|23487|190.111.64.0/19|24
190.111.89.0/24|INVALID_WRONGASN|65001|23487|190.111.64.0/19|24
190.111.90.0/24|INVALID_WRONGASN|65001|23487|190.111.64.0/19|24
190.111.91.0/24|INVALID_WRONGASN|65001|23487|190.111.64.0/19|24
190.111.92.0/24|INVALID_WRONGASN|65001|23487|190.111.64.0/19|24
190.111.94.0/24|INVALID_WRONGASN|65001|23487|190.111.64.0/19|24
190.111.120.0/22|INVALID_WRONGASN|52285|55285|190.111.120.0/22|22
190.112.32.0/24|INVALID_MAXLEN|52273|52273|190.112.32.0/21|21
190.112.33.0/24|INVALID_MAXLEN|52273|52273|190.112.32.0/21|21
190.112.34.0/24|INVALID_MAXLEN|52273|52273|190.112.32.0/21|21
190.112.35.0/24|INVALID_MAXLEN|52273|52273|190.112.32.0/21|21
190.112.36.0/24|INVALID_MAXLEN|52273|52273|190.112.32.0/21|21
190.112.37.0/24|INVALID_MAXLEN|52273|52273|190.112.32.0/21|21
190.112.38.0/24|INVALID_MAXLEN|52273|52273|190.112.32.0/21|21
190.112.39.0/24|INVALID_MAXLEN|52273|52273|190.112.32.0/21|21
190.112.64.0/21|INVALID_MAXLEN|28048|28048|190.112.64.0/18|20
190.112.72.0/21|INVALID_MAXLEN|28048|28048|190.112.64.0/18|20
190.112.80.0/21|INVALID_MAXLEN|28048|28048|190.112.64.0/18|20
190.112.88.0/21|INVALID_MAXLEN|28048|28048|190.112.64.0/18|20
190.113.241.0/24|INVALID_WRONGASN|64249|262193|190.113.240.0/22|22
190.113.242.0/24|INVALID_WRONGASN|64249|262193|190.113.240.0/22|22
190.122.32.0/22|INVALID_MAXLEN|27960|27960|190.122.32.0/20|21
190.122.36.0/22|INVALID_MAXLEN|27960|27960|190.122.32.0/20|21
190.122.40.0/22|INVALID_MAXLEN|27960|27960|190.122.32.0/20|21
190.122.44.0/22|INVALID_MAXLEN|27960|27960|190.122.32.0/20|21
190.122.48.0/22|INVALID_MAXLEN|27960|27960|190.122.48.0/20|21
190.122.52.0/22|INVALID_MAXLEN|27960|27960|190.122.48.0/20|21
190.122.56.0/22|INVALID_MAXLEN|27960|27960|190.122.48.0/20|21
190.122.60.0/22|INVALID_MAXLEN|27960|27960|190.122.48.0/20|21
190.122.165.0/24|INVALID_WRONGASN|18809|21599|190.122.160.0/20|24
190.124.32.0/24|INVALID_MAXLEN|27742|27742|190.124.32.0/21|21
190.124.33.0/24|INVALID_MAXLEN|27742|27742|190.124.32.0/21|21
190.124.34.0/24|INVALID_MAXLEN|27742|27742|190.124.32.0/21|21
190.124.35.0/24|INVALID_MAXLEN|27742|27742|190.124.32.0/21|21
190.124.36.0/24|INVALID_MAXLEN|27742|27742|190.124.32.0/21|21
190.124.37.0/24|INVALID_MAXLEN|27742|27742|190.124.32.0/21|21
190.124.38.0/24|INVALID_MAXLEN|27742|27742|190.124.32.0/21|21
190.124.39.0/24|INVALID_MAXLEN|27742|27742|190.124.32.0/21|21
190.136.11.0/24|INVALID_WRONGASN|52444|7303|190.136.0.0/16|32
190.136.15.0/24|INVALID_WRONGASN|52271|7303|190.136.0.0/16|32
190.136.16.0/24|INVALID_WRONGASN|52271|7303|190.136.0.0/16|32
190.136.18.0/24|INVALID_WRONGASN|264767|7303|190.136.0.0/16|32
190.136.52.0/24|INVALID_WRONGASN|27976|7303|190.136.0.0/16|32
190.137.142.0/24|INVALID_WRONGASN|52271|7303|190.137.0.0/16|32
190.137.162.0/23|INVALID_WRONGASN|264642|7303|190.137.0.0/16|32
190.147.138.0/24|INVALID_WRONGASN|14080|10620|190.147.0.0/16|24
190.147.139.0/24|INVALID_WRONGASN|14080|10620|190.147.0.0/16|24
190.156.206.0/23|INVALID_WRONGASN|14080|10620|190.156.0.0/16|24
190.157.0.0/24|INVALID_WRONGASN|14080|10620|190.157.0.0/16|24
190.158.143.0/24|INVALID_WRONGASN|14080|10620|190.158.0.0/16|24
190.182.189.0/24|INVALID_WRONGASN|265816|27983|190.182.128.0/17|24
190.182.250.0/24|INVALID_WRONGASN|265719|27983|190.182.128.0/17|24
190.182.251.0/24|INVALID_WRONGASN|265719|27983|190.182.128.0/17|24
190.184.128.0/18|INVALID_WRONGASN|3816|22368|190.184.128.0/18|24
190.184.139.0/24|INVALID_WRONGASN|3816|22368|190.184.128.0/18|24
190.185.130.0/24|INVALID_WRONGASN|7303|27983|190.185.128.0/18|24
190.185.206.0/24|INVALID_WRONGASN|266871|27983|190.185.192.0/18|24
190.202.47.0/24|INVALID_WRONGASN|28012|8048|190.200.0.0/13|24
190.216.0.0/24|INVALID_WRONGASN|10753|3549|190.216.0.0/18|24
190.216.1.0/24|INVALID_WRONGASN|10753|3549|190.216.0.0/18|24
190.216.18.0/24|INVALID_WRONGASN|20207|3549|190.216.0.0/18|24
190.216.20.0/22|INVALID_WRONGASN|20207|3549|190.216.0.0/18|24
190.216.20.0/24|INVALID_WRONGASN|10753|3549|190.216.0.0/18|24
190.216.21.0/24|INVALID_WRONGASN|10753|3549|190.216.0.0/18|24
190.216.22.0/24|INVALID_WRONGASN|10753|3549|190.216.0.0/18|24
190.216.23.0/24|INVALID_WRONGASN|10753|3549|190.216.0.0/18|24
190.216.24.0/24|INVALID_WRONGASN|20207|3549|190.216.0.0/18|24
190.216.25.0/24|INVALID_WRONGASN|10753|3549|190.216.0.0/18|24
190.216.35.0/24|INVALID_WRONGASN|10753|3549|190.216.0.0/18|24
190.216.44.0/24|INVALID_WRONGASN|10753|3549|190.216.0.0/18|24
190.216.45.0/24|INVALID_WRONGASN|10753|3549|190.216.0.0/18|24
190.216.46.0/24|INVALID_WRONGASN|10753|3549|190.216.0.0/18|24
190.216.56.0/24|INVALID_WRONGASN|265758|3549|190.216.0.0/18|24
190.216.61.0/24|INVALID_WRONGASN|52444|3549|190.216.0.0/18|24
190.216.132.0/24|INVALID_WRONGASN|10753|3549|190.216.128.0/20|24
190.216.240.0/24|INVALID_WRONGASN|263223|3549|190.216.224.0/19|24
190.216.241.0/24|INVALID_WRONGASN|263771|3549|190.216.224.0/19|24
190.216.244.0/24|INVALID_WRONGASN|263771|3549|190.216.224.0/19|24
190.216.245.0/24|INVALID_WRONGASN|263223|3549|190.216.224.0/19|24
190.216.249.0/24|INVALID_WRONGASN|263223|3549|190.216.224.0/19|24
190.216.251.0/24|INVALID_WRONGASN|263771|3549|190.216.224.0/19|24
190.216.252.0/24|INVALID_WRONGASN|263223|3549|190.216.224.0/19|24
190.216.253.0/24|INVALID_WRONGASN|263771|3549|190.216.224.0/19|24
190.216.254.0/24|INVALID_WRONGASN|263771|3549|190.216.224.0/19|24
190.224.44.0/24|INVALID_WRONGASN|262194|7303|190.224.0.0/15|32
190.224.47.0/24|INVALID_WRONGASN|52323|7303|190.224.0.0/15|32
190.226.32.0/24|INVALID_WRONGASN|52371|7303|190.226.0.0/15|32
190.226.240.0/24|INVALID_WRONGASN|264691|7303|190.226.0.0/15|32
190.226.241.0/24|INVALID_WRONGASN|264691|7303|190.226.0.0/15|32
190.226.242.0/24|INVALID_WRONGASN|264691|7303|190.226.0.0/15|32
190.226.243.0/24|INVALID_WRONGASN|264691|7303|190.226.0.0/15|32
190.226.244.0/24|INVALID_WRONGASN|264691|7303|190.226.0.0/15|32
190.226.245.0/24|INVALID_WRONGASN|264691|7303|190.226.0.0/15|32
190.226.246.0/24|INVALID_WRONGASN|264691|7303|190.226.0.0/15|32
190.226.247.0/24|INVALID_WRONGASN|264691|7303|190.226.0.0/15|32
190.226.248.0/24|INVALID_WRONGASN|264691|7303|190.226.0.0/15|32
190.227.12.0/24|INVALID_WRONGASN|27787|7303|190.226.0.0/15|32
190.227.181.0/24|INVALID_WRONGASN|264742|7303|190.226.0.0/15|32
190.227.182.0/24|INVALID_WRONGASN|27813|7303|190.226.0.0/15|32
190.227.183.0/24|INVALID_WRONGASN|27813|7303|190.226.0.0/15|32
190.228.23.0/24|INVALID_WRONGASN|263808|7303|190.228.0.0/14|32
190.228.36.0/23|INVALID_WRONGASN|52312|7303|190.228.0.0/14|32
190.228.38.0/23|INVALID_WRONGASN|52312|7303|190.228.0.0/14|32
190.228.42.0/24|INVALID_WRONGASN|264642|7303|190.228.0.0/14|32
190.228.43.0/24|INVALID_WRONGASN|264642|7303|190.228.0.0/14|32
190.228.64.0/24|INVALID_WRONGASN|264642|7303|190.228.0.0/14|32
190.228.65.0/24|INVALID_WRONGASN|264642|7303|190.228.0.0/14|32
190.228.73.0/24|INVALID_WRONGASN|264767|7303|190.228.0.0/14|32
190.228.74.0/24|INVALID_WRONGASN|264767|7303|190.228.0.0/14|32
190.228.93.0/24|INVALID_WRONGASN|264642|7303|190.228.0.0/14|32
190.228.94.0/24|INVALID_WRONGASN|264642|7303|190.228.0.0/14|32
190.228.99.0/24|INVALID_WRONGASN|264767|7303|190.228.0.0/14|32
190.228.100.0/24|INVALID_WRONGASN|264767|7303|190.228.0.0/14|32
190.228.115.0/24|INVALID_WRONGASN|264642|7303|190.228.0.0/14|32
190.228.116.0/24|INVALID_WRONGASN|264642|7303|190.228.0.0/14|32
190.228.117.0/24|INVALID_WRONGASN|264642|7303|190.228.0.0/14|32
190.228.126.0/24|INVALID_WRONGASN|264767|7303|190.228.0.0/14|32
190.228.132.0/24|INVALID_WRONGASN|264767|7303|190.228.0.0/14|32
190.228.165.0/24|INVALID_WRONGASN|264642|7303|190.228.0.0/14|32
190.228.166.0/24|INVALID_WRONGASN|264642|7303|190.228.0.0/14|32
190.228.167.0/24|INVALID_WRONGASN|264642|7303|190.228.0.0/14|32
190.228.169.0/24|INVALID_WRONGASN|64099|7303|190.228.0.0/14|32
190.228.176.0/24|INVALID_WRONGASN|264608|7303|190.228.0.0/14|32
190.228.177.0/24|INVALID_WRONGASN|265686|7303|190.228.0.0/14|32
191.101.46.0/24|INVALID_WRONGASN|2914|61440|191.101.0.0/16|24
191.101.47.0/24|INVALID_WRONGASN|2914|61440|191.101.0.0/16|24
191.102.0.0/20|INVALID_WRONGASN|{3549,18678,27951,52280,262220}|262220|191.102.0.0/20|21
191.102.0.0/20|INVALID_WRONGASN|{18678,52280,262220}|262220|191.102.0.0/20|21
191.102.40.0/21|INVALID_WRONGASN|3549|52364|191.102.40.0/21|24
191.102.192.0/24|INVALID_MAXLEN|262928|262928|191.102.192.0/19|19
191.102.196.0/22|INVALID_MAXLEN|262928|262928|191.102.192.0/19|19
191.102.196.0/23|INVALID_MAXLEN|262928|262928|191.102.192.0/19|19
191.102.196.0/24|INVALID_MAXLEN|262928|262928|191.102.192.0/19|19
191.102.197.0/24|INVALID_MAXLEN|262928|262928|191.102.192.0/19|19
191.102.198.0/23|INVALID_MAXLEN|262928|262928|191.102.192.0/19|19
191.102.198.0/24|INVALID_MAXLEN|262928|262928|191.102.192.0/19|19
191.102.199.0/24|INVALID_MAXLEN|262928|262928|191.102.192.0/19|19
191.102.200.0/24|INVALID_MAXLEN|262928|262928|191.102.192.0/19|19
191.102.208.0/22|INVALID_MAXLEN|262928|262928|191.102.192.0/19|19
191.102.208.0/23|INVALID_MAXLEN|262928|262928|191.102.192.0/19|19
191.102.210.0/23|INVALID_MAXLEN|262928|262928|191.102.192.0/19|19
191.102.216.0/24|INVALID_MAXLEN|262928|262928|191.102.192.0/19|19
191.102.219.0/24|INVALID_MAXLEN|262928|262928|191.102.192.0/19|19
191.102.219.0/24|INVALID_WRONGASN|64612|262928|191.102.192.0/19|19
191.102.220.0/22|INVALID_MAXLEN|262928|262928|191.102.192.0/19|19
191.102.220.0/24|INVALID_MAXLEN|262928|262928|191.102.192.0/19|19
191.102.220.0/24|INVALID_WRONGASN|64613|262928|191.102.192.0/19|19
191.102.223.0/24|INVALID_MAXLEN|262928|262928|191.102.192.0/19|19
191.102.224.0/22|INVALID_MAXLEN|262928|262928|191.102.224.0/20|20
191.102.224.0/23|INVALID_MAXLEN|262928|262928|191.102.224.0/20|20
191.102.228.0/22|INVALID_MAXLEN|262928|262928|191.102.224.0/20|20
191.102.232.0/24|INVALID_MAXLEN|262928|262928|191.102.224.0/20|20
191.102.234.0/24|INVALID_MAXLEN|262928|262928|191.102.224.0/20|20
191.102.236.0/22|INVALID_MAXLEN|262928|262928|191.102.224.0/20|20
191.102.236.0/24|INVALID_MAXLEN|262928|262928|191.102.224.0/20|20
191.102.237.0/24|INVALID_MAXLEN|262928|262928|191.102.224.0/20|20
191.102.238.0/24|INVALID_MAXLEN|262928|262928|191.102.224.0/20|20
191.102.239.0/24|INVALID_MAXLEN|262928|262928|191.102.224.0/20|20
192.231.116.0/22|INVALID_WRONGASN|27951|61469|192.231.116.0/22|24
200.6.96.0/23|INVALID_MAXLEN|27659|27659|200.6.96.0/20|20
200.6.98.0/23|INVALID_MAXLEN|27659|27659|200.6.96.0/20|20
200.6.100.0/23|INVALID_MAXLEN|27659|27659|200.6.96.0/20|20
200.6.102.0/23|INVALID_MAXLEN|27659|27659|200.6.96.0/20|20
200.6.104.0/23|INVALID_MAXLEN|27659|27659|200.6.96.0/20|20
200.6.106.0/23|INVALID_MAXLEN|27659|27659|200.6.96.0/20|20
200.6.108.0/23|INVALID_MAXLEN|27659|27659|200.6.96.0/20|20
200.6.110.0/23|INVALID_MAXLEN|27659|27659|200.6.96.0/20|20
200.6.112.0/23|INVALID_MAXLEN|27659|27659|200.6.112.0/20|20
200.6.114.0/23|INVALID_MAXLEN|27659|27659|200.6.112.0/20|20
200.6.116.0/23|INVALID_MAXLEN|27659|27659|200.6.112.0/20|20
200.6.118.0/23|INVALID_MAXLEN|27659|27659|200.6.112.0/20|20
200.6.120.0/23|INVALID_MAXLEN|27659|27659|200.6.112.0/20|20
200.6.122.0/23|INVALID_MAXLEN|27659|27659|200.6.112.0/20|20
200.6.124.0/23|INVALID_MAXLEN|27659|27659|200.6.112.0/20|20
200.6.126.0/23|INVALID_MAXLEN|27659|27659|200.6.112.0/20|20
200.14.34.0/24|INVALID_WRONGASN|26613|19114|200.14.34.0/24|24
200.14.34.0/24|INVALID_WRONGASN|64513|19114|200.14.34.0/24|24
200.23.206.0/24|INVALID_WRONGASN|263702|61522|200.23.206.0/24|24
200.25.16.0/24|INVALID_WRONGASN|27810|7195|200.25.0.0/17|24
200.25.59.0/24|INVALID_WRONGASN|27817|7195|200.25.0.0/17|24
200.25.205.0/24|INVALID_WRONGASN|65001|23487|200.25.192.0/19|24
200.25.206.0/24|INVALID_WRONGASN|65001|23487|200.25.192.0/19|24
200.25.207.0/24|INVALID_WRONGASN|65001|23487|200.25.192.0/19|24
200.25.217.0/24|INVALID_WRONGASN|65001|23487|200.25.192.0/19|24
200.25.219.0/24|INVALID_WRONGASN|65001|23487|200.25.192.0/19|24
200.25.220.0/24|INVALID_WRONGASN|65001|23487|200.25.192.0/19|24
200.25.221.0/24|INVALID_WRONGASN|65001|23487|200.25.192.0/19|24
200.25.223.0/24|INVALID_WRONGASN|65001|23487|200.25.192.0/19|24
200.25.224.0/20|INVALID_WRONGASN|262186|27763|200.25.224.0/20|24
200.25.240.0/20|INVALID_WRONGASN|262186|27763|200.25.240.0/20|24
200.29.104.0/21|INVALID_MAXLEN|10299|10299|200.29.96.0/20|20
200.29.104.0/24|INVALID_MAXLEN|10299|10299|200.29.96.0/20|20
200.29.114.0/24|INVALID_MAXLEN|10299|10299|200.29.112.0/20|20
200.29.118.0/24|INVALID_MAXLEN|10299|10299|200.29.112.0/20|20
200.29.122.0/23|INVALID_MAXLEN|10299|10299|200.29.112.0/20|20
200.29.124.0/22|INVALID_MAXLEN|10299|10299|200.29.112.0/20|20
200.30.81.0/24|INVALID_WRONGASN|65509|13489|200.30.80.0/20|24
200.30.90.0/24|INVALID_WRONGASN|52464|13489|200.30.80.0/20|24
200.31.3.0/24|INVALID_WRONGASN|263736|3549|200.31.2.0/23|24
200.32.117.0/24|INVALID_WRONGASN|28075|3549|200.32.96.0/19|24
200.33.26.0/24|INVALID_WRONGASN|8151|28501|200.33.26.0/23|23
200.33.27.0/24|INVALID_WRONGASN|18734|28501|200.33.26.0/23|23
200.33.125.0/24|INVALID_WRONGASN|11556|64101|200.33.125.0/24|24
200.35.0.0/19|INVALID_WRONGASN|8048|22726|200.35.0.0/19|25
200.41.21.0/24|INVALID_WRONGASN|52444|3549|200.41.16.0/20|24
200.41.34.0/24|INVALID_WRONGASN|263230|3549|200.41.32.0/20|24
200.41.35.0/24|INVALID_WRONGASN|263230|3549|200.41.32.0/20|24
200.41.36.0/24|INVALID_WRONGASN|263230|3549|200.41.32.0/20|24
200.41.37.0/24|INVALID_WRONGASN|263230|3549|200.41.32.0/20|24
200.41.100.0/24|INVALID_WRONGASN|22411|3549|200.41.96.0/20|24
200.41.121.0/24|INVALID_WRONGASN|52444|3549|200.41.120.0/21|24
200.42.202.0/24|INVALID_WRONGASN|28118|12066|200.42.192.0/19|24
200.42.205.0/24|INVALID_WRONGASN|28118|12066|200.42.192.0/19|24
200.42.214.0/24|INVALID_WRONGASN|28118|12066|200.42.192.0/19|24
200.42.229.0/24|INVALID_WRONGASN|28118|12066|200.42.224.0/20|24
200.42.230.0/23|INVALID_WRONGASN|28118|12066|200.42.224.0/20|24
200.42.232.0/21|INVALID_WRONGASN|28118|12066|200.42.224.0/20|24
200.42.240.0/22|INVALID_WRONGASN|28118|12066|200.42.240.0/20|23
200.42.244.0/23|INVALID_WRONGASN|28118|12066|200.42.240.0/20|23
200.43.12.0/24|INVALID_WRONGASN|27976|7303|200.43.0.0/16|32
200.43.48.0/24|INVALID_WRONGASN|27827|7303|200.43.0.0/16|32
200.43.55.0/24|INVALID_WRONGASN|264691|7303|200.43.0.0/16|32
200.43.81.0/24|INVALID_WRONGASN|262231|7303|200.43.0.0/16|32
200.43.105.0/24|INVALID_WRONGASN|52279|7303|200.43.0.0/16|32
200.43.106.0/24|INVALID_WRONGASN|52279|7303|200.43.0.0/16|32
200.43.107.0/24|INVALID_WRONGASN|52279|7303|200.43.0.0/16|32
200.43.113.0/24|INVALID_WRONGASN|27787|7303|200.43.0.0/16|32
200.43.116.0/24|INVALID_WRONGASN|13514|7303|200.43.0.0/16|32
200.43.125.0/24|INVALID_WRONGASN|263181|7303|200.43.0.0/16|32
200.43.140.0/24|INVALID_WRONGASN|264691|7303|200.43.0.0/16|32
200.45.120.0/24|INVALID_WRONGASN|52279|7303|200.45.0.0/16|32
200.45.121.0/24|INVALID_WRONGASN|27976|7303|200.45.0.0/16|32
200.49.1.0/24|INVALID_WRONGASN|52444|3549|200.49.0.0/20|24
200.49.120.0/22|INVALID_MAXLEN|27960|27960|200.49.120.0/21|21
200.49.124.0/22|INVALID_MAXLEN|27960|27960|200.49.120.0/21|21
200.50.182.0/24|INVALID_WRONGASN|52507|264797|200.50.176.0/21|24
200.50.183.0/24|INVALID_WRONGASN|52507|264797|200.50.176.0/21|24
200.50.190.0/24|INVALID_WRONGASN|263766|10697|200.50.190.0/24|24
200.55.26.0/24|INVALID_WRONGASN|20207|3549|200.55.0.0/18|24
200.55.28.0/24|INVALID_WRONGASN|20207|3549|200.55.0.0/18|24
200.59.196.0/24|INVALID_WRONGASN|3356|7049|200.59.192.0/20|24
200.59.196.0/24|INVALID_WRONGASN|3549|7049|200.59.192.0/20|24
200.59.197.0/24|INVALID_WRONGASN|3356|7049|200.59.192.0/20|24
200.59.197.0/24|INVALID_WRONGASN|3549|7049|200.59.192.0/20|24
200.59.240.0/24|INVALID_MAXLEN|27751|27751|200.59.240.0/20|22
200.59.241.0/24|INVALID_MAXLEN|27751|27751|200.59.240.0/20|22
200.59.242.0/24|INVALID_MAXLEN|27751|27751|200.59.240.0/20|22
200.59.243.0/24|INVALID_MAXLEN|27751|27751|200.59.240.0/20|22
200.59.244.0/24|INVALID_MAXLEN|27751|27751|200.59.240.0/20|22
200.59.245.0/24|INVALID_MAXLEN|27751|27751|200.59.240.0/20|22
200.59.246.0/24|INVALID_MAXLEN|27751|27751|200.59.240.0/20|22
200.59.247.0/24|INVALID_MAXLEN|27751|27751|200.59.240.0/20|22
200.59.248.0/24|INVALID_MAXLEN|27751|27751|200.59.240.0/20|22
200.59.249.0/24|INVALID_MAXLEN|27751|27751|200.59.240.0/20|22
200.59.250.0/24|INVALID_MAXLEN|27751|27751|200.59.240.0/20|22
200.59.251.0/24|INVALID_MAXLEN|27751|27751|200.59.240.0/20|22
200.59.252.0/24|INVALID_MAXLEN|27751|27751|200.59.240.0/20|22
200.59.253.0/24|INVALID_MAXLEN|27751|27751|200.59.240.0/20|22
200.59.254.0/24|INVALID_MAXLEN|27751|27751|200.59.240.0/20|22
200.59.255.0/24|INVALID_MAXLEN|27751|27751|200.59.240.0/20|22
200.61.192.0/21|INVALID_WRONGASN|21590|7303|200.61.192.0/19|32
200.61.200.0/22|INVALID_WRONGASN|21590|7303|200.61.192.0/19|32
200.69.32.0/24|INVALID_MAXLEN|10617|10617|200.69.32.0/21|23
200.69.33.0/24|INVALID_MAXLEN|10617|10617|200.69.32.0/21|23
200.69.34.0/24|INVALID_MAXLEN|10617|10617|200.69.32.0/21|23
200.69.35.0/24|INVALID_MAXLEN|10617|10617|200.69.32.0/21|23
200.69.36.0/24|INVALID_MAXLEN|10617|10617|200.69.32.0/21|23
200.69.37.0/24|INVALID_MAXLEN|10617|10617|200.69.32.0/21|23
200.69.39.0/24|INVALID_MAXLEN|10617|10617|200.69.32.0/21|23
200.69.40.0/24|INVALID_MAXLEN|10617|10617|200.69.40.0/23|23
200.69.41.0/24|INVALID_MAXLEN|10617|10617|200.69.40.0/23|23
200.69.44.0/24|INVALID_MAXLEN|10617|10617|200.69.44.0/22|23
200.69.45.0/24|INVALID_MAXLEN|10617|10617|200.69.44.0/22|23
200.69.46.0/24|INVALID_MAXLEN|10617|10617|200.69.44.0/22|23
200.69.47.0/24|INVALID_MAXLEN|10617|10617|200.69.44.0/22|23
200.69.50.0/24|INVALID_MAXLEN|10617|10617|200.69.50.0/23|23
200.69.108.0/24|INVALID_WRONGASN|11581|19429|200.69.96.0/20|24
200.69.109.0/24|INVALID_WRONGASN|11581|19429|200.69.96.0/20|24
200.69.124.0/24|INVALID_WRONGASN|21578|19429|200.69.112.0/20|24
200.69.127.0/24|INVALID_WRONGASN|22368|19429|200.69.112.0/20|24
200.73.10.0/24|INVALID_WRONGASN|27965|18747|200.73.0.0/18|24
200.80.8.0/24|INVALID_WRONGASN|262216|18747|200.80.0.0/18|24
200.80.9.0/24|INVALID_WRONGASN|262216|18747|200.80.0.0/18|24
200.80.22.0/24|INVALID_WRONGASN|262216|18747|200.80.0.0/18|24
200.80.23.0/24|INVALID_WRONGASN|262216|18747|200.80.0.0/18|24
200.80.44.0/24|INVALID_WRONGASN|52270|18747|200.80.0.0/18|24
200.81.180.0/24|INVALID_MAXLEN|10617|10617|200.81.176.0/21|23
200.81.181.0/24|INVALID_MAXLEN|10617|10617|200.81.176.0/21|23
200.81.182.0/24|INVALID_MAXLEN|10617|10617|200.81.176.0/21|23
200.81.183.0/24|INVALID_MAXLEN|10617|10617|200.81.176.0/21|23
200.81.184.0/24|INVALID_MAXLEN|10617|10617|200.81.184.0/22|23
200.81.185.0/24|INVALID_MAXLEN|10617|10617|200.81.184.0/22|23
200.81.186.0/24|INVALID_MAXLEN|10617|10617|200.81.184.0/22|23
200.81.187.0/24|INVALID_MAXLEN|10617|10617|200.81.184.0/22|23
200.89.208.0/20|INVALID_MAXLEN|3816|7315|200.89.208.0/20|24
200.91.207.0/24|INVALID_WRONGASN|7087|18747|200.91.192.0/19|24
200.91.214.0/24|INVALID_WRONGASN|7087|18747|200.91.192.0/19|24
200.91.223.0/24|INVALID_WRONGASN|7087|18747|200.91.192.0/19|24
200.91.225.0/24|INVALID_WRONGASN|7087|18747|200.91.224.0/19|24
200.91.228.0/24|INVALID_WRONGASN|7087|18747|200.91.224.0/19|24
200.91.231.0/24|INVALID_WRONGASN|7087|18747|200.91.224.0/19|24
200.91.237.0/24|INVALID_WRONGASN|7087|18747|200.91.224.0/19|24
200.91.238.0/24|INVALID_WRONGASN|7087|18747|200.91.224.0/19|24
200.91.247.0/24|INVALID_WRONGASN|7087|18747|200.91.224.0/19|24
200.91.249.0/24|INVALID_WRONGASN|7087|18747|200.91.224.0/19|24
200.91.254.0/24|INVALID_WRONGASN|7087|18747|200.91.224.0/19|24
200.93.134.0/24|INVALID_WRONGASN|11581|19429|200.93.128.0/19|24
200.93.150.0/24|INVALID_WRONGASN|22368|19429|200.93.128.0/19|24
200.93.151.0/24|INVALID_WRONGASN|22368|19429|200.93.128.0/19|24
200.93.152.0/24|INVALID_WRONGASN|11581|19429|200.93.128.0/19|24
200.93.153.0/24|INVALID_WRONGASN|11581|19429|200.93.128.0/19|24
200.107.153.0/24|INVALID_WRONGASN|264684|6147|200.107.128.0/18|24
200.107.240.0/22|INVALID_WRONGASN|27882|27839|200.107.240.0/21|21
200.107.240.0/24|INVALID_WRONGASN|27882|27839|200.107.240.0/21|21
200.107.241.0/24|INVALID_WRONGASN|27882|27839|200.107.240.0/21|21
200.107.242.0/24|INVALID_WRONGASN|27882|27839|200.107.240.0/21|21
200.107.243.0/24|INVALID_WRONGASN|27882|27839|200.107.240.0/21|21
200.107.244.0/22|INVALID_WRONGASN|27882|27839|200.107.240.0/21|21
200.119.1.0/24|INVALID_WRONGASN|22368|19429|200.119.0.0/19|24
200.123.63.0/24|INVALID_WRONGASN|264716|7303|200.123.63.0/24|24
200.124.224.0/24|INVALID_WRONGASN|{27738}|27738|200.124.224.0/20|28
200.124.225.0/24|INVALID_WRONGASN|{27738}|27738|200.124.224.0/20|28
200.124.226.0/24|INVALID_WRONGASN|{27738}|27738|200.124.224.0/20|28
200.124.227.0/24|INVALID_WRONGASN|{27738}|27738|200.124.224.0/20|28
200.124.228.0/24|INVALID_WRONGASN|{27738}|27738|200.124.224.0/20|28
200.124.229.0/24|INVALID_WRONGASN|{27738}|27738|200.124.224.0/20|28
200.124.230.0/24|INVALID_WRONGASN|{27738}|27738|200.124.224.0/20|28
200.124.231.0/24|INVALID_WRONGASN|{27738}|27738|200.124.224.0/20|28
200.124.232.0/23|INVALID_WRONGASN|{27738}|27738|200.124.224.0/20|28
200.124.235.0/24|INVALID_WRONGASN|{27738}|27738|200.124.224.0/20|28
200.124.236.0/23|INVALID_WRONGASN|{27738}|27738|200.124.224.0/20|28
200.124.239.0/24|INVALID_WRONGASN|{27738}|27738|200.124.224.0/20|28
200.124.240.0/22|INVALID_WRONGASN|{27738}|27738|200.124.240.0/20|24
200.124.244.0/23|INVALID_WRONGASN|{27738}|27738|200.124.240.0/20|24
200.124.247.0/24|INVALID_WRONGASN|{27738}|27738|200.124.240.0/20|24
200.126.44.0/24|INVALID_WRONGASN|6471|264780|200.126.44.0/23|24
200.126.45.0/24|INVALID_WRONGASN|6471|264780|200.126.44.0/23|24
201.131.90.0/23|INVALID_WRONGASN|266736|27817|201.131.90.0/23|24
201.183.96.0/24|INVALID_WRONGASN|{27738}|27738|201.183.0.0/16|24
201.183.243.0/24|INVALID_WRONGASN|{27738}|27738|201.183.0.0/16|24
201.183.244.0/24|INVALID_WRONGASN|{27738}|27738|201.183.0.0/16|24
201.183.247.0/24|INVALID_WRONGASN|{27738}|27738|201.183.0.0/16|24
201.183.248.0/24|INVALID_WRONGASN|{27738}|27738|201.183.0.0/16|24
201.183.249.0/24|INVALID_WRONGASN|{27738}|27738|201.183.0.0/16|24
201.183.251.0/24|INVALID_WRONGASN|{27738}|27738|201.183.0.0/16|24
201.183.255.0/24|INVALID_WRONGASN|{27738}|27738|201.183.0.0/16|24
201.217.192.0/19|INVALID_WRONGASN|7087|18747|201.217.192.0/19|24
201.217.193.0/24|INVALID_WRONGASN|7087|18747|201.217.192.0/19|24
201.217.194.0/24|INVALID_WRONGASN|7087|18747|201.217.192.0/19|24
201.217.198.0/24|INVALID_WRONGASN|7087|18747|201.217.192.0/19|24
201.217.205.0/24|INVALID_WRONGASN|7087|18747|201.217.192.0/19|24
201.217.207.0/24|INVALID_WRONGASN|7087|18747|201.217.192.0/19|24
201.217.212.0/24|INVALID_WRONGASN|7087|18747|201.217.192.0/19|24
201.217.215.0/24|INVALID_WRONGASN|7087|18747|201.217.192.0/19|24
201.217.216.0/24|INVALID_WRONGASN|7087|18747|201.217.192.0/19|24
201.217.217.0/24|INVALID_WRONGASN|7087|18747|201.217.192.0/19|24
201.217.218.0/24|INVALID_WRONGASN|7087|18747|201.217.192.0/19|24
201.217.219.0/24|INVALID_WRONGASN|7087|18747|201.217.192.0/19|24
201.217.220.0/24|INVALID_WRONGASN|7087|18747|201.217.192.0/19|24
201.217.222.0/24|INVALID_WRONGASN|7087|18747|201.217.192.0/19|24
201.218.244.0/24|INVALID_WRONGASN|19905|21599|201.218.224.0/19|24
201.218.254.0/24|INVALID_WRONGASN|27959|21599|201.218.224.0/19|24
201.219.254.0/24|INVALID_WRONGASN|15562|2914|201.219.254.0/24|24
201.221.144.0/24|INVALID_WRONGASN|3816|22368|201.221.144.0/20|24
201.221.146.0/24|INVALID_WRONGASN|3816|22368|201.221.144.0/20|24
201.221.147.0/24|INVALID_WRONGASN|3816|22368|201.221.144.0/20|24
201.221.149.0/24|INVALID_WRONGASN|3816|22368|201.221.144.0/20|24
201.221.152.0/24|INVALID_WRONGASN|3816|22368|201.221.144.0/20|24
201.221.154.0/24|INVALID_WRONGASN|3816|22368|201.221.144.0/20|24
201.221.156.0/24|INVALID_WRONGASN|3816|22368|201.221.144.0/20|24
201.234.19.0/24|INVALID_WRONGASN|52255|3549|201.234.0.0/19|24
201.234.24.0/24|INVALID_WRONGASN|265758|3549|201.234.0.0/19|24
201.234.32.0/24|INVALID_WRONGASN|52444|3549|201.234.32.0/19|24
201.234.44.0/24|INVALID_WRONGASN|10753|3549|201.234.32.0/19|24
201.234.64.0/24|INVALID_WRONGASN|10753|3549|201.234.64.0/20|24
201.234.90.0/24|INVALID_WRONGASN|52444|3549|201.234.80.0/20|24
201.234.101.0/24|INVALID_WRONGASN|52255|3549|201.234.96.0/19|24
201.234.102.0/23|INVALID_WRONGASN|10753|3549|201.234.96.0/19|24
201.234.104.0/24|INVALID_WRONGASN|52444|3549|201.234.96.0/19|24
201.234.113.0/24|INVALID_WRONGASN|267815|3549|201.234.96.0/19|24
201.234.181.0/24|INVALID_WRONGASN|10753|3549|201.234.160.0/19|24
201.234.239.0/24|INVALID_WRONGASN|263223|3549|201.234.224.0/20|24
201.234.249.0/24|INVALID_WRONGASN|27953|3549|201.234.240.0/20|24
201.234.251.0/24|INVALID_WRONGASN|27953|3549|201.234.240.0/20|24
201.234.253.0/24|INVALID_WRONGASN|263756|3549|201.234.240.0/20|24
201.245.177.0/24|INVALID_WRONGASN|22368|19429|201.245.0.0/16|24
201.245.178.0/24|INVALID_WRONGASN|22368|19429|201.245.0.0/16|24
201.245.180.0/24|INVALID_WRONGASN|22368|19429|201.245.0.0/16|24
201.245.186.0/24|INVALID_WRONGASN|21578|19429|201.245.0.0/16|24
201.252.229.0/24|INVALID_WRONGASN|52371|7303|201.252.0.0/16|32
207.248.92.0/24|INVALID_MAXLEN|28100|28100|207.248.92.0/22|22
207.248.93.0/24|INVALID_MAXLEN|28100|28100|207.248.92.0/22|22
207.248.94.0/24|INVALID_MAXLEN|28100|28100|207.248.92.0/22|22
216.241.2.0/24|INVALID_WRONGASN|{27651,65552}|18747|216.241.0.0/19|24
216.241.2.0/24|INVALID_WRONGASN|{27651,65478,65552}|18747|216.241.0.0/19|24
